Top pages,Clicks,Impressions,CTR,Position
https://allcountyplumbers.com/,397,78892,0.5%,39.77
https://allcountyplumbers.com/contact/,19,3015,0.63%,37.34
https://allcountyplumbers.com/residential/plumbing-remodel/ada-compliant-bathroom/,14,15052,0.09%,55.74
https://allcountyplumbers.com/new-construction-plumbing/,2,2762,0.07%,74.32
https://allcountyplumbers.com/contact/about-us/,2,585,0.34%,40.98
https://allcountyplumbers.com/commercial/drain-cleaning/snake-drain-cleaning/,1,8243,0.01%,52.75
https://allcountyplumbers.com/commercial/,1,4357,0.02%,43.26
https://allcountyplumbers.com/specials/,1,393,0.25%,17.57
https://allcountyplumbers.com/residential/drain-cleaning/hydro-jetting/,1,86,1.16%,10.38
https://allcountyplumbers.com/residential/plumbing-repipes/pex-pipes/,0,12386,0%,56.02
https://allcountyplumbers.com/residential/plumbing-repipes/copper-pipes/,0,3776,0%,67.52
https://allcountyplumbers.com/commercial/drain-cleaning/hydro-jet/,0,3548,0%,67.5
https://allcountyplumbers.com/residential/plumbing-repipes/,0,3525,0%,33.86
https://allcountyplumbers.com/all-county-plumbing-site-map/,0,688,0%,74.17
https://allcountyplumbers.com/residential/drain-cleaning/drain-snake-cleaning/,0,192,0%,69.59
https://allcountyplumbers.com/plumbing-contractor-reviews/,0,107,0%,30.08
https://allcountyplumbers.com/commercial/drain-cleaning/,0,31,0%,37
https://allcountyplumbers.com/shop/,0,14,0%,47.57
https://allcountyplumbers.com/wp-content/uploads/2019/11/2-gallon-lowboy-1500-watt-electric-water-heater.pdf,0,1,0%,8