Target page,Internal links
https://h2oplumbers.com/,26
https://h2oplumbers.com/about/,24
https://h2oplumbers.com/contact-us/,24
https://h2oplumbers.com/drain/,24
https://h2oplumbers.com/drainc/,24
https://h2oplumbers.com/plumbing/,24
https://h2oplumbers.com/plumbingcommercial/,24
https://h2oplumbers.com/repipespecialists/,24
https://h2oplumbers.com/repipevancouverwa/,24
https://h2oplumbers.com/vancouverf/,24
https://h2oplumbers.com/vancouverrepair/,24
https://h2oplumbers.com/vancouvers/,24
https://h2oplumbers.com/vancouverw/,24
https://h2oplumbers.com/vancouverwa/,24
https://h2oplumbers.com/vancouverwater/,24
https://h2oplumbers.com/boilermate-installation-and-service/,4