Rank,Link text
1,(empty)
2,website
3,h2oplumbers com
4,https h2oplumbers com
5,www h2oplumbers com
6,http www h2oplumbers com
7,h2o plumbing llc
8,bathroom plumbing fixtures
9,best plumbers in vancouver wa get 10 off plumbing services today
10,drain cleaning services
11,electric water heaters
12,gas water heaters
13,https www h2oplumbingok com
14,kitchen drain cleaning
15,kitchen plumbing fixtures
16,plumbing fixtures
17,"savagecreative_h2o_plumbing_home web site design for h2o plumbing by eric 
savage of savage creative"
18,sewer line hookup
19,sewer line plumbing
20,sewer line video inspection
21,trenchless water line replacement
22,types of water heaters
23,water heater installation
24,water heater repair
25,water heater replacement
26,water heater services